{
  "assetsByChunkName": {
    "vendors~app-account~app-confirmation~app-order": "chunk.dc81e89fe07b016c9f06.js",
    "vendors~app-account~app-checkout": "chunk.a79c46247a92cf3be843.js",
    "vendors~app-cart~app-checkout": "chunk.c3d85d04107f186bec50.js",
    "admin": [
      "admin.b3bfb20654e8f5b46f36.js",
      "admin.b3bfb20654e8f5b46f36.js.map"
    ],
    "app-account": "chunk.ecfdf8cd3be635906857.js",
    "app-checkout": "chunk.a37ec4c75f517345f848.js",
    "app-confirmation": "chunk.884a2f87eec2e460ab56.js",
    "checkout": [
      "checkout.d3562c664781b6901c60.js",
      "checkout.d3562c664781b6901c60.js.map"
    ],
    "storefront": [
      "storefront.8e905e81c5ee218426f9.css",
      "storefront.53c69f6bcbe314d652e8.js",
      "storefront.8e905e81c5ee218426f9.css.map",
      "storefront.53c69f6bcbe314d652e8.js.map"
    ],
    "vendors~app-cart": "chunk.e983bcc804fbed2437ae.js",
    "vendors~app-order": "chunk.36a54b97696baab1cf8d.js"
  }
}