{
  "marketing_stripe": {
    "text": "PEÇA PELO WHATSAPP E GANHE FRETE GRÁTIS! ",
    "link": "https://api.whatsapp.com/send?1=pt_BR&phone=5514996922408",
    "background": "#fe4164",
    "color": "#ffffff"
  },
  "contacts_stripe": {
    "pages": [],
    "phone_wpp": true,
    "socials": true
  },
  "categories_list": {
    "featured": [
      "/carters?CARTER'S",
      "/gap?GAP",
      "/up-baby?UP BABY",
      "/quimby?QUIMBY"
    ],
    "random": 0,
    "full_width": false
  },
  "desktop_megamenu": false,
  "search_input": true,
  "alphabetical_order_submenu": false,
  "full_width_submenu": false
}