{
  "meta_title": "Jujuba - Moda Infantil",
  "meta_description": "Jujuba - Moda Infantil",
  "sections": [
    {
      "type": "info-bar",
      "enabled": true
    },
    {
      "type": "banners-grid",
      "banners": [
        {
          "img": "/img/uploads/gap-logo-azul.jpg",
          "mobile_img": "/img/uploads/gap-logo-azul.jpg",
          "link": "https://www.jujubastorebaby.com.br/gap"
        },
        {
          "link": "https://www.jujubastorebaby.com.br/carters",
          "mobile_img": "/img/uploads/carter-s-logo-azul.jpg",
          "img": "/img/uploads/carter-s-logo-azul.jpg"
        },
        {
          "link": "https://www.jujubastorebaby.com.br/up-baby",
          "img": "/img/uploads/up-baby-logo-rose.jpg",
          "mobile_img": "/img/uploads/up-baby-logo-rose.jpg"
        },
        {
          "link": "https://www.jujubastorebaby.com.br/quimby",
          "img": "/img/uploads/whatsapp-image-2022-10-04-at-11.04.04-1-.jpeg",
          "mobile_img": "/img/uploads/whatsapp-image-2022-10-04-at-11.04.04-1-.jpeg"
        }
      ]
    },
    {
      "type": "info-bar",
      "enabled": true
    },
    {
      "type": "collection-shelf",
      "shuffle": false,
      "limit": 24,
      "page": 1,
      "collection_id": "61392061522ab535e607b06b:brands:GAP:/gap"
    },
    {
      "type": "collection-shelf",
      "shuffle": true,
      "collection_id": "613918a4522ab535e607a4bc:brands:CARTER'S:/carters",
      "sort": null,
      "title": "",
      "headless": false,
      "limit": 24,
      "page": 1
    },
    {
      "type": "collection-shelf",
      "shuffle": false,
      "limit": 24,
      "page": 1,
      "collection_id": "61391fb8522ab535e607af48:brands:UP BABY:/up-baby"
    },
    {
      "type": "collection-shelf",
      "shuffle": false,
      "limit": 24,
      "page": 1,
      "collection_id": "61391f7a522ab535e607aed5:brands:QUIMBY:/quimby"
    },
    {
      "type": "collection-shelf",
      "shuffle": false,
      "limit": 22,
      "page": 1,
      "collection_id": "613920eb522ab535e607b10c:brands:BEE LOOP:/bee-loop"
    },
    {
      "type": "page-title",
      "title": "Jujuba - Moda Infantil",
      "description": "Vestindo meninos e meninas com conforto e qualidade!"
    },
    {
      "type": "review-carousel",
      "autoplay": 9000,
      "reviews": [
        {}
      ],
      "title": "Avaliações de Clientes"
    }
  ]
}