{
  "shipping": {
    "show": true,
    "text": "Peça pelo WhatsApp e ganhe frete grátis! Clique aqui.",
    "link": "https://api.whatsapp.com/send?1=pt_BR&phone=5514996922408"
  },
  "installments": {
    "show": true,
    "text": "Pague pelo link de pagamento e ganhe Frete grátis ",
    "link": "https://api.whatsapp.com/send?1=pt_BR&phone=5514996922408"
  },
  "exchange": {
    "show": false,
    "text": " Parcelamos em até 10x para você no link de pagamento"
  },
  "promo": {
    "show": true,
    "text": " Oferta por tempo limitado!",
    "link": "https://api.whatsapp.com/send?1=pt_BR&phone=5514996922408"
  }
}